Title,Company,Location,Link detail,Link apply
Senior Python Developer,"Payne, Roberts and Davis","Stewartbury, AA",https://www.realpython.com,https://realpython.github.io/fake-jobs/jobs/senior-python-developer-0.html
Software Engineer (Python),Garcia PLC,"Ericberg, AE",https://www.realpython.com,https://realpython.github.io/fake-jobs/jobs/software-engineer-python-10.html
Python Programmer (Entry-Level),"Moss, Duncan and Allen","Port Sara, AE",https://www.realpython.com,https://realpython.github.io/fake-jobs/jobs/python-programmer-entry-level-20.html
Python Programmer (Entry-Level),Cooper and Sons,"West Victor, AE",https://www.realpython.com,https://realpython.github.io/fake-jobs/jobs/python-programmer-entry-level-30.html
Software Developer (Python),Adams-Brewer,"Brockburgh, AE",https://www.realpython.com,https://realpython.github.io/fake-jobs/jobs/software-developer-python-40.html
Python Developer,Rivera and Sons,"East Michaelfort, AA",https://www.realpython.com,https://realpython.github.io/fake-jobs/jobs/python-developer-50.html
"Back-End Web Developer (Python, Django)",Stewart-Alexander,"South Kimberly, AA",https://www.realpython.com,https://realpython.github.io/fake-jobs/jobs/back-end-web-developer-python-django-60.html
"Back-End Web Developer (Python, Django)","Jackson, Ali and Mckee","New Elizabethside, AA",https://www.realpython.com,https://realpython.github.io/fake-jobs/jobs/back-end-web-developer-python-django-70.html
Python Programmer (Entry-Level),Mathews Inc,"Robertborough, AP",https://www.realpython.com,https://realpython.github.io/fake-jobs/jobs/python-programmer-entry-level-80.html
Software Developer (Python),Moreno-Rodriguez,"Martinezburgh, AE",https://www.realpython.com,https://realpython.github.io/fake-jobs/jobs/software-developer-python-90.html
